time,k_eff,phi_avg,burnup_avg,U235,U238,Pu239,Xe135,Sm149,fresh_pebbles_added,pebbles_discharged
0.0,0.9932887683369975,1.8817180171670298e+18,0.0,7.137252628825274e+18,1.495590962860982e+20,0.0,0.0,0.0,0,0
1.0,1.4849000000000048,1.8817180171670298e+18,1793.6125905791228,7.137252628825244e+18,1.4955909628609816e+20,18432.0,1e+17,5000000000000000.0,325,325
2.0,1.4773010000000029,1.8817180171670298e+18,3587.2251811582455,7.137252628825213e+18,1.4955909628609813e+20,36864.0,1.5e+17,9950000000000000.0,325,325
3.0,1.473452990000001,1.8817180171670298e+18,5380.837771737368,7.137252628825182e+18,1.495590962860981e+20,55296.0,1.75e+17,1.48505e+16,325,325
4.0,1.4714809600999994,1.8817180171670298e+18,7174.450362316491,7.137252628825151e+18,1.4955909628609806e+20,73728.0,1.875e+17,1.9701995e+16,325,325
5.0,1.4695099004989975,1.8817180171670298e+18,8968.062952895614,7.137252628825121e+18,1.4955909628609803e+20,92160.0,2e+17,2.450497505e+16,325,325
6.0,1.4694148014940056,1.8817180171670298e+18,10761.675543474737,7.13725262882509e+18,1.49559096286098e+20,110592.0,2e+17,2.92599252995e+16,325,325
7.0,1.4693206534790637,1.8817180171670298e+18,12555.28813405386,7.137252628825059e+18,1.4955909628609797e+20,129024.0,2e+17,3.3967326046505e+16,325,325
8.0,1.4692274469442712,1.8817180171670298e+18,14348.900724632984,7.137252628825029e+18,1.4955909628609793e+20,147456.0,2e+17,3.862765278603995e+16,325,325
9.0,1.4691351724748267,1.8817180171670298e+18,16142.513315212107,7.137252628824998e+18,1.495590962860979e+20,165888.0,2e+17,4.324137625817955e+16,325,325
10.0,1.4690438207500762,1.8817180171670298e+18,17936.12590579123,7.137252628824967e+18,1.4955909628609787e+20,184320.0,2e+17,4.780896249559776e+16,325,325
11.0,1.4689533825425736,1.8817180171670298e+18,19729.73849637035,7.137252628824936e+18,1.4955909628609783e+20,202752.0,2e+17,5.2330872870641784e+16,325,325
12.0,1.468863848717146,1.8817180171670298e+18,21523.351086949475,7.137252628824906e+18,1.495590962860978e+20,221184.0,2e+17,5.680756414193537e+16,325,325
13.0,1.4687752102299725,1.8817180171670298e+18,23316.963677528598,7.137252628824875e+18,1.4955909628609777e+20,239616.0,2e+17,6.123948850051602e+16,325,325
14.0,1.468687458127671,1.8817180171670298e+18,25110.57626810772,7.137252628824844e+18,1.4955909628609774e+20,258048.0,2e+17,6.5627093615510856e+16,325,325
15.0,1.4686005835463922,1.8817180171670298e+18,26904.188858686844,7.137252628824814e+18,1.495590962860977e+20,276480.0,2e+17,6.997082267935574e+16,325,325
16.0,1.4685145777109263,1.8817180171670298e+18,28697.801449265968,7.137252628824783e+18,1.4955909628609767e+20,294912.0,2e+17,7.427111445256219e+16,325,325
17.0,1.4684294319338151,1.8817180171670298e+18,30491.41403984509,7.137252628824752e+18,1.4955909628609764e+20,313344.0,2e+17,7.852840330803658e+16,325,325
18.0,1.468345137614475,1.8817180171670298e+18,32285.026630424214,7.137252628824721e+18,1.495590962860976e+20,331776.0,2e+17,8.274311927495621e+16,325,325
19.0,1.4682616862383278,1.8817180171670298e+18,34078.63922100334,7.137252628824691e+18,1.4955909628609757e+20,350208.0,2e+17,8.691568808220664e+16,325,325
20.0,1.4681790693759424,1.8817180171670298e+18,35872.25181158246,7.13725262882466e+18,1.4955909628609754e+20,368640.0,2e+17,9.104653120138458e+16,325,325
21.0,1.4680972786821813,1.8817180171670298e+18,37665.86440216158,7.137252628824629e+18,1.495590962860975e+20,387072.0,2e+17,9.513606588937074e+16,325,325
22.0,1.4680163058953573,1.8817180171670298e+18,39459.476992740696,7.137252628824599e+18,1.4955909628609747e+20,405504.0,2e+17,9.918470523047702e+16,325,325
23.0,1.4679361428364015,1.8817180171670298e+18,41253.089583319816,7.137252628824568e+18,1.4955909628609744e+20,423936.0,2e+17,1.0319285817817226e+17,325,325
24.0,1.467856781408035,1.8817180171670298e+18,43046.702173898935,7.137252628824537e+18,1.495590962860974e+20,442368.0,2e+17,1.0716092959639053e+17,325,325
25.0,1.4677782135939526,1.8817180171670298e+18,44840.314764478055,7.137252628824506e+18,1.4955909628609738e+20,460800.0,2e+17,1.1108932030042662e+17,325,325
26.0,1.4677004314580109,1.8817180171670298e+18,46633.927355057174,7.137252628824476e+18,1.4955909628609734e+20,479232.0,2e+17,1.1497842709742235e+17,325,325
27.0,1.4676234271434285,1.8817180171670298e+18,48427.539945636294,7.137252628824445e+18,1.495590962860973e+20,497664.0,2e+17,1.1882864282644813e+17,325,325
28.0,1.467547192871992,1.8817180171670298e+18,50221.15253621541,7.137252628824414e+18,1.4955909628609728e+20,516096.0,2e+17,1.2264035639818365e+17,325,325
29.0,1.46747172094327,1.8817180171670298e+18,52014.76512679453,7.137252628824383e+18,1.4955909628609724e+20,534528.0,2e+17,1.2641395283420181e+17,325,325
30.0,1.467397003733835,1.8817180171670298e+18,53808.37771737365,7.137252628824353e+18,1.495590962860972e+20,552960.0,2e+17,1.3014981330585979e+17,325,325
31.0,1.4673230336964944,1.8817180171670298e+18,55601.99030795277,7.137252628824322e+18,1.4955909628609718e+20,571392.0,2e+17,1.338483151728012e+17,325,325
32.0,1.467249803359527,1.8817180171670298e+18,57395.60289853189,7.137252628824291e+18,1.4955909628609715e+20,589824.0,2e+17,1.3750983202107318e+17,325,325
33.0,1.4671773053259294,1.8817180171670298e+18,59189.21548911101,7.137252628824261e+18,1.495590962860971e+20,608256.0,2e+17,1.4113473370086245e+17,325,325
34.0,1.467105532272668,1.8817180171670298e+18,60982.82807969013,7.13725262882423e+18,1.4955909628609708e+20,626688.0,2e+17,1.4472338636385382e+17,325,325
35.0,1.467034476949939,1.8817180171670298e+18,62776.44067026925,7.137252628824199e+18,1.4955909628609705e+20,645120.0,2e+17,1.482761525002153e+17,325,325
36.0,1.4669641321804372,1.8817180171670298e+18,64570.05326084837,7.137252628824168e+18,1.49559096286097e+20,663552.0,2e+17,1.5179339097521315e+17,325,325
37.0,1.4668944908586303,1.8817180171670298e+18,66363.66585142749,7.137252628824138e+18,1.4955909628609698e+20,681984.0,2e+17,1.5527545706546102e+17,325,325
38.0,1.4668255459500417,1.8817180171670298e+18,68157.27844200662,7.137252628824107e+18,1.4955909628609695e+20,700416.0,2e+17,1.587227024948064e+17,325,325
39.0,1.4667572904905386,1.8817180171670298e+18,69950.89103258574,7.137252628824076e+18,1.4955909628609692e+20,718848.0,2e+17,1.6213547546985834e+17,325,325
40.0,1.4666897175856308,1.8817180171670298e+18,71744.50362316487,7.137252628824046e+18,1.495590962860969e+20,737280.0,2e+17,1.6551412071515974e+17,325,325
41.0,1.466622820409772,1.8817180171670298e+18,73538.116213744,7.137252628824015e+18,1.4955909628609685e+20,755712.0,2e+17,1.6885897950800816e+17,325,325
42.0,1.4665565922056718,1.8817180171670298e+18,75331.72880432312,7.137252628823984e+18,1.4955909628609682e+20,774144.0,2e+17,1.7217038971292806e+17,325,325
43.0,1.4664910262836128,1.8817180171670298e+18,77125.34139490225,7.137252628823953e+18,1.495590962860968e+20,792576.0,2e+17,1.754486858157988e+17,325,325
44.0,1.466426116020774,1.8817180171670298e+18,78918.95398548138,7.137252628823923e+18,1.4955909628609675e+20,811008.0,2e+17,1.786941989576408e+17,325,325
45.0,1.4663618548605637,1.8817180171670298e+18,80712.5665760605,7.137252628823892e+18,1.4955909628609672e+20,829440.0,2e+17,1.819072569680644e+17,325,325
46.0,1.4662982363119554,1.8817180171670298e+18,82506.17916663963,7.137252628823861e+18,1.495590962860967e+20,847872.0,2e+17,1.8508818439838374e+17,325,325
47.0,1.4662352539488337,1.8817180171670298e+18,84299.79175721876,7.137252628823831e+18,1.4955909628609665e+20,866304.0,2e+17,1.882373025543999e+17,325,325
48.0,1.4661729014093428,1.8817180171670298e+18,86093.40434779788,7.1372526288238e+18,1.4955909628609662e+20,884736.0,2e+17,1.913549295288559e+17,325,325
49.0,1.4661111723952465,1.8817180171670298e+18,87887.01693837701,7.137252628823769e+18,1.495590962860966e+20,903168.0,2e+17,1.9444138023356736e+17,325,325
50.0,1.4660500606712914,1.8817180171670298e+18,89680.62952895614,7.137252628823738e+18,1.4955909628609656e+20,921600.0,2e+17,1.9749696643123168e+17,325,325
51.0,1.4659895600645758,1.8817180171670298e+18,91474.24211953527,7.137252628823708e+18,1.4955909628609652e+20,940032.0,2e+17,2.0052199676691936e+17,325,325
52.0,1.4659296644639275,1.8817180171670298e+18,93267.85471011439,7.137252628823677e+18,1.495590962860965e+20,958464.0,2e+17,2.0351677679925018e+17,325,325
53.0,1.4658703678192855,1.8817180171670298e+18,95061.46730069352,7.137252628823646e+18,1.4955909628609646e+20,976896.0,2e+17,2.0648160903125766e+17,325,325
54.0,1.4658116641410899,1.8817180171670298e+18,96855.07989127265,7.137252628823615e+18,1.4955909628609642e+20,995328.0,2e+17,2.094167929409451e+17,325,325
55.0,1.4657535474996761,1.8817180171670298e+18,98648.69248185177,7.137252628823585e+18,1.495590962860964e+20,1013760.0,2e+17,2.1232262501153565e+17,325,325
56.0,1.4656960120246767,1.8817180171670298e+18,100442.3050724309,7.137252628823554e+18,1.4955909628609636e+20,1032192.0,2e+17,2.151993987614203e+17,325,325
57.0,1.4656390519044273,1.8817180171670298e+18,102235.91766301003,7.137252628823523e+18,1.4955909628609633e+20,1050624.0,2e+17,2.1804740477380608e+17,325,325
58.0,1.46558266138538,1.8817180171670298e+18,104029.53025358915,7.137252628823493e+18,1.495590962860963e+20,1069056.0,2e+17,2.2086693072606803e+17,325,325
59.0,1.4655268347715236,1.8817180171670298e+18,105823.14284416828,7.137252628823462e+18,1.4955909628609626e+20,1087488.0,2e+17,2.2365826141880736e+17,325,325
60.0,1.4654715664238056,1.8817180171670298e+18,107616.7554347474,7.137252628823431e+18,1.4955909628609623e+20,1105920.0,2e+17,2.264216788046193e+17,325,325
61.0,1.4654168507595648,1.8817180171670298e+18,109410.36802532653,7.1372526288234e+18,1.495590962860962e+20,1124352.0,2e+17,2.291574620165731e+17,325,325
62.0,1.465362682251966,1.8817180171670298e+18,111203.98061590566,7.13725262882337e+18,1.4955909628609616e+20,1142784.0,2e+17,2.3186588739640736e+17,325,325
63.0,1.4653090554294437,1.8817180171670298e+18,112997.59320648479,7.137252628823339e+18,1.4955909628609613e+20,1161216.0,2e+17,2.345472285224433e+17,325,325
64.0,1.4652559648751464,1.8817180171670298e+18,114791.20579706391,7.137252628823308e+18,1.495590962860961e+20,1179648.0,2e+17,2.3720175623721885e+17,325,325
65.0,1.465203405226392,1.8817180171670298e+18,116584.81838764304,7.137252628823278e+18,1.4955909628609606e+20,1198080.0,2e+17,2.3982973867484666e+17,325,325
66.0,1.4651513711741253,1.8817180171670298e+18,118378.43097822217,7.137252628823247e+18,1.4955909628609603e+20,1216512.0,2e+17,2.4243144128809818e+17,325,325
67.0,1.465099857462381,1.8817180171670298e+18,120172.0435688013,7.137252628823216e+18,1.49559096286096e+20,1234944.0,2e+17,2.4500712687521718e+17,325,325
68.0,1.4650488588877544,1.8817180171670298e+18,121965.65615938042,7.137252628823185e+18,1.4955909628609597e+20,1253376.0,2e+17,2.4755705560646502e+17,325,325
69.0,1.4649983702988738,1.8817180171670298e+18,123759.26874995955,7.137252628823155e+18,1.4955909628609593e+20,1271808.0,2e+17,2.500814850504004e+17,325,325
70.0,1.464948386595882,1.8817180171670298e+18,125552.88134053868,7.137252628823124e+18,1.495590962860959e+20,1290240.0,2e+17,2.525806701998964e+17,325,325
71.0,1.46489890272992,1.8817180171670298e+18,127346.4939311178,7.137252628823093e+18,1.4955909628609587e+20,1308672.0,2e+17,2.550548634978974e+17,325,325
72.0,1.4648499137026176,1.8817180171670298e+18,129140.10652169693,7.137252628823063e+18,1.4955909628609584e+20,1327104.0,2e+17,2.5750431486291843e+17,325,325
73.0,1.4648014145655888,1.8817180171670298e+18,130933.71911227606,7.137252628823032e+18,1.495590962860958e+20,1345536.0,2e+17,2.5992927171428925e+17,325,325
74.0,1.4647534004199299,1.8817180171670298e+18,132727.33170285518,7.137252628823001e+18,1.4955909628609577e+20,1363968.0,2e+17,2.6232997899714637e+17,325,325
75.0,1.4647058664157273,1.8817180171670298e+18,134520.9442934343,7.13725262882297e+18,1.4955909628609574e+20,1382400.0,2e+17,2.647066792071749e+17,325,325
76.0,1.464658807751567,1.8817180171670298e+18,136314.5568840134,7.13725262882294e+18,1.495590962860957e+20,1400832.0,2e+17,2.6705961241510317e+17,325,325
77.0,1.464612219674048,1.8817180171670298e+18,138108.16947459252,7.137252628822909e+18,1.4955909628609567e+20,1419264.0,2e+17,2.6938901629095213e+17,325,325
78.0,1.4645660974773045,1.8817180171670298e+18,139901.78206517163,7.137252628822878e+18,1.4955909628609564e+20,1437696.0,2e+17,2.716951261280426e+17,325,325
79.0,1.4645204365025284,1.8817180171670298e+18,141695.39465575074,7.137252628822847e+18,1.495590962860956e+20,1456128.0,2e+17,2.7397817486676218e+17,325,325
80.0,1.4644752321374999,1.8817180171670298e+18,143489.00724632986,7.137252628822817e+18,1.4955909628609557e+20,1474560.0,2e+17,2.7623839311809456e+17,325,325
81.0,1.4644304798161218,1.8817180171670298e+18,145282.61983690897,7.137252628822786e+18,1.4955909628609554e+20,1492992.0,2e+17,2.784760091869136e+17,325,325
82.0,1.4643861750179574,1.8817180171670298e+18,147076.23242748808,7.137252628822755e+18,1.495590962860955e+20,1511424.0,2e+17,2.8069124909504448e+17,325,325
83.0,1.4643423132677746,1.8817180171670298e+18,148869.8450180672,7.137252628822725e+18,1.4955909628609547e+20,1529856.0,2e+17,2.8288433660409405e+17,325,325
84.0,1.4642988901350935,1.8817180171670298e+18,150663.4576086463,7.137252628822694e+18,1.4955909628609544e+20,1548288.0,2e+17,2.8505549323805312e+17,325,325
85.0,1.464255901233739,1.8817180171670298e+18,152457.07019922542,7.137252628822663e+18,1.495590962860954e+20,1566720.0,2e+17,2.8720493830567258e+17,325,325
86.0,1.4642133422213988,1.8817180171670298e+18,154250.68278980453,7.137252628822632e+18,1.4955909628609538e+20,1585152.0,2e+17,2.893328889226159e+17,325,325
87.0,1.4641712087991814,1.8817180171670298e+18,156044.29538038364,7.137252628822602e+18,1.4955909628609534e+20,1603584.0,2e+17,2.914395600333897e+17,325,325
88.0,1.4641294967111862,1.8817180171670298e+18,157837.90797096275,7.137252628822571e+18,1.495590962860953e+20,1622016.0,2e+17,2.935251644330558e+17,325,325
89.0,1.4640882017440708,1.8817180171670298e+18,159631.52056154187,7.13725262882254e+18,1.4955909628609528e+20,1640448.0,2e+17,2.9558991278872525e+17,325,325
90.0,1.4640473197266268,1.8817180171670298e+18,161425.13315212098,7.13725262882251e+18,1.4955909628609525e+20,1658880.0,2e+17,2.97634013660838e+17,325,325
91.0,1.4640068465293572,1.8817180171670298e+18,163218.7457427001,7.137252628822479e+18,1.495590962860952e+20,1677312.0,2e+17,2.996576735242296e+17,325,325
92.0,1.4639667780640604,1.8817180171670298e+18,165012.3583332792,7.137252628822448e+18,1.4955909628609518e+20,1695744.0,2e+17,3.016610967889873e+17,325,325
93.0,1.4639271102834164,1.8817180171670298e+18,166805.97092385832,7.137252628822417e+18,1.4955909628609515e+20,1714176.0,2e+17,3.036444858210975e+17,325,325
94.0,1.4638878391805787,1.8817180171670298e+18,168599.58351443743,7.137252628822387e+18,1.495590962860951e+20,1732608.0,2e+17,3.056080409628865e+17,325,325
95.0,1.4638489607887697,1.8817180171670298e+18,170393.19610501654,7.137252628822356e+18,1.4955909628609508e+20,1751040.0,2e+17,3.0755196055325766e+17,325,325
96.0,1.4638104711808786,1.8817180171670298e+18,172186.80869559565,7.137252628822325e+18,1.4955909628609505e+20,1769472.0,2e+17,3.0947644094772506e+17,325,325
97.0,1.463772366469066,1.8817180171670298e+18,173980.42128617477,7.137252628822295e+18,1.49559096286095e+20,1787904.0,2e+17,3.113816765382478e+17,325,325
98.0,1.4637346428043718,1.8817180171670298e+18,175774.03387675388,7.137252628822264e+18,1.4955909628609498e+20,1806336.0,2e+17,3.1326785977286534e+17,325,325
99.0,1.4636972963763248,1.8817180171670298e+18,177567.646467333,7.137252628822233e+18,1.4955909628609495e+20,1824768.0,2e+17,3.151351811751367e+17,325,325
100.0,1.4599999999998259,1.8817180171670298e+18,179361.2590579121,7.137252628822202e+18,1.4955909628609492e+20,1843200.0,2e+17,5e+17,325,325
101.0,1.4599999999998237,1.8817180171670298e+18,181154.87164849121,7.137252628822172e+18,1.495590962860949e+20,1861632.0,2e+17,5e+17,325,325
102.0,1.4599999999998219,1.8817180171670298e+18,182948.48423907033,7.137252628822141e+18,1.4955909628609485e+20,1880064.0,2e+17,5e+17,325,325
103.0,1.45999999999982,1.8817180171670298e+18,184742.09682964944,7.13725262882211e+18,1.4955909628609482e+20,1898496.0,2e+17,5e+17,325,325
104.0,1.4599999999998183,1.8817180171670298e+18,186535.70942022855,7.13725262882208e+18,1.495590962860948e+20,1916928.0,2e+17,5e+17,325,325
105.0,1.4599999999998166,1.8817180171670298e+18,188329.32201080766,7.137252628822049e+18,1.4955909628609475e+20,1935360.0,2e+17,5e+17,325,325
106.0,1.4599999999998148,1.8817180171670298e+18,190122.93460138678,7.137252628822018e+18,1.4955909628609472e+20,1953792.0,2e+17,5e+17,325,325
107.0,1.459999999999813,1.8817180171670298e+18,191916.5471919659,7.137252628821987e+18,1.495590962860947e+20,1972224.0,2e+17,5e+17,325,325
108.0,1.4599999999998112,1.8817180171670298e+18,193710.159782545,7.137252628821957e+18,1.4955909628609466e+20,1990656.0,2e+17,5e+17,325,325
109.0,1.4599999999998095,1.8817180171670298e+18,195503.7723731241,7.137252628821926e+18,1.4955909628609462e+20,2009088.0,2e+17,5e+17,325,325
110.0,1.4599999999998075,1.8817180171670298e+18,197297.38496370323,7.137252628821895e+18,1.495590962860946e+20,2027520.0,2e+17,5e+17,325,325
111.0,1.4599999999998057,1.8817180171670298e+18,199090.99755428234,7.137252628821864e+18,1.4955909628609456e+20,2045952.0,2e+17,5e+17,325,325
112.0,1.4599999999998041,1.8817180171670298e+18,200884.61014486145,7.137252628821834e+18,1.4955909628609452e+20,2064384.0,2e+17,5e+17,325,325
113.0,1.4599999999998023,1.8817180171670298e+18,202678.22273544056,7.137252628821803e+18,1.495590962860945e+20,2082816.0,2e+17,5e+17,325,325
114.0,1.4599999999998003,1.8817180171670298e+18,204471.83532601967,7.137252628821772e+18,1.4955909628609446e+20,2101248.0,2e+17,5e+17,325,325
115.0,1.4599999999997986,1.8817180171670298e+18,206265.4479165988,7.137252628821742e+18,1.4955909628609443e+20,2119680.0,2e+17,5e+17,325,325
116.0,1.4599999999997966,1.8817180171670298e+18,208059.0605071779,7.137252628821711e+18,1.495590962860944e+20,2138112.0,2e+17,5e+17,325,325
117.0,1.4599999999997948,1.8817180171670298e+18,209852.673097757,7.13725262882168e+18,1.4955909628609436e+20,2156544.0,2e+17,5e+17,325,325
118.0,1.459999999999793,1.8817180171670298e+18,211646.28568833612,7.137252628821649e+18,1.4955909628609433e+20,2174976.0,2e+17,5e+17,325,325
119.0,1.4599999999997912,1.8817180171670298e+18,213439.89827891524,7.137252628821619e+18,1.495590962860943e+20,2193408.0,2e+17,5e+17,325,325
120.0,1.4599999999997895,1.8817180171670298e+18,215233.51086949435,7.137252628821588e+18,1.4955909628609426e+20,2211840.0,2e+17,5e+17,325,325
121.0,1.4599999999997877,1.8817180171670298e+18,217027.12346007346,7.137252628821557e+18,1.4955909628609423e+20,2230272.0,2e+17,5e+17,325,325
122.0,1.459999999999786,1.8817180171670298e+18,218820.73605065257,7.137252628821527e+18,1.495590962860942e+20,2248704.0,2e+17,5e+17,325,325
123.0,1.459999999999784,1.8817180171670298e+18,220614.34864123169,7.137252628821496e+18,1.4955909628609416e+20,2267136.0,2e+17,5e+17,325,325
124.0,1.4599999999997821,1.8817180171670298e+18,222407.9612318108,7.137252628821465e+18,1.4955909628609413e+20,2285568.0,2e+17,5e+17,325,325
125.0,1.4599999999997806,1.8817180171670298e+18,224201.5738223899,7.137252628821434e+18,1.495590962860941e+20,2304000.0,2e+17,5e+17,325,325
126.0,1.4599999999997788,1.8817180171670298e+18,225995.18641296902,7.137252628821404e+18,1.4955909628609407e+20,2322432.0,2e+17,5e+17,325,325
127.0,1.4599999999997768,1.8817180171670298e+18,227788.79900354813,7.137252628821373e+18,1.4955909628609403e+20,2340864.0,2e+17,5e+17,325,325
128.0,1.459999999999775,1.8817180171670298e+18,229582.41159412725,7.137252628821342e+18,1.49559096286094e+20,2359296.0,2e+17,5e+17,325,325
129.0,1.4599999999997733,1.8817180171670298e+18,231376.02418470636,7.137252628821311e+18,1.4955909628609397e+20,2377728.0,2e+17,5e+17,325,325
130.0,1.4599999999997715,1.8817180171670298e+18,233169.63677528547,7.137252628821281e+18,1.4955909628609393e+20,2396160.0,2e+17,5e+17,325,325
131.0,1.4599999999997695,1.8817180171670298e+18,234963.24936586458,7.13725262882125e+18,1.495590962860939e+20,2414592.0,2e+17,5e+17,325,325
132.0,1.4599999999997677,1.8817180171670298e+18,236756.8619564437,7.137252628821219e+18,1.4955909628609387e+20,2433024.0,2e+17,5e+17,325,325
133.0,1.459999999999766,1.8817180171670298e+18,238550.4745470228,7.137252628821189e+18,1.4955909628609384e+20,2451456.0,2e+17,5e+17,325,325
134.0,1.4599999999997642,1.8817180171670298e+18,240344.08713760192,7.137252628821158e+18,1.495590962860938e+20,2469888.0,2e+17,5e+17,325,325
135.0,1.4599999999997624,1.8817180171670298e+18,242137.69972818103,7.137252628821127e+18,1.4955909628609377e+20,2488320.0,2e+17,5e+17,325,325
136.0,1.4599999999997604,1.8817180171670298e+18,243931.31231876014,7.137252628821096e+18,1.4955909628609374e+20,2506752.0,2e+17,5e+17,325,325
137.0,1.4599999999997586,1.8817180171670298e+18,245724.92490933926,7.137252628821066e+18,1.495590962860937e+20,2525184.0,2e+17,5e+17,325,325
138.0,1.459999999999757,1.8817180171670298e+18,247518.53749991837,7.137252628821035e+18,1.4955909628609367e+20,2543616.0,2e+17,5e+17,325,325
139.0,1.4599999999997553,1.8817180171670298e+18,249312.15009049748,7.137252628821004e+18,1.4955909628609364e+20,2562048.0,2e+17,5e+17,325,325
140.0,1.4599999999997533,1.8817180171670298e+18,251105.7626810766,7.137252628820974e+18,1.495590962860936e+20,2580480.0,2e+17,5e+17,325,325
141.0,1.4599999999997515,1.8817180171670298e+18,252899.3752716557,7.137252628820943e+18,1.4955909628609357e+20,2598912.0,2e+17,5e+17,325,325
142.0,1.4599999999997497,1.8817180171670298e+18,254692.98786223482,7.137252628820912e+18,1.4955909628609354e+20,2617344.0,2e+17,5e+17,325,325
143.0,1.459999999999748,1.8817180171670298e+18,256486.60045281393,7.137252628820881e+18,1.495590962860935e+20,2635776.0,2e+17,5e+17,325,325
144.0,1.4599999999997462,1.8817180171670298e+18,258280.21304339304,7.137252628820851e+18,1.4955909628609348e+20,2654208.0,2e+17,5e+17,325,325
145.0,1.4599999999997444,1.8817180171670298e+18,260073.82563397216,7.13725262882082e+18,1.4955909628609344e+20,2672640.0,2e+17,5e+17,325,325
146.0,1.4599999999997426,1.8817180171670298e+18,261867.43822455127,7.137252628820789e+18,1.495590962860934e+20,2691072.0,2e+17,5e+17,325,325
147.0,1.4599999999997406,1.8817180171670298e+18,263661.0508151304,7.137252628820759e+18,1.4955909628609338e+20,2709504.0,2e+17,5e+17,325,325
148.0,1.4599999999997388,1.8817180171670298e+18,265454.66340570955,7.137252628820728e+18,1.4955909628609334e+20,2727936.0,2e+17,5e+17,325,325
149.0,1.4599999999997368,1.8817180171670298e+18,267248.2759962887,7.137252628820697e+18,1.495590962860933e+20,2746368.0,2e+17,5e+17,325,325
150.0,1.459999999999735,1.8817180171670298e+18,269041.88858686783,7.137252628820666e+18,1.4955909628609328e+20,2764800.0,2e+17,5e+17,325,325
151.0,1.4599999999997335,1.8817180171670298e+18,270835.501177447,7.137252628820636e+18,1.4955909628609325e+20,2783232.0,2e+17,5e+17,325,325
152.0,1.4599999999997317,1.8817180171670298e+18,272629.1137680261,7.137252628820605e+18,1.495590962860932e+20,2801664.0,2e+17,5e+17,325,325
153.0,1.4599999999997297,1.8817180171670298e+18,274422.72635860526,7.137252628820574e+18,1.4955909628609318e+20,2820096.0,2e+17,5e+17,325,325
154.0,1.459999999999728,1.8817180171670298e+18,276216.3389491844,7.137252628820543e+18,1.4955909628609315e+20,2838528.0,2e+17,5e+17,325,325
155.0,1.4599999999997262,1.8817180171670298e+18,278009.95153976354,7.137252628820513e+18,1.495590962860931e+20,2856960.0,2e+17,5e+17,325,325
156.0,1.4599999999997244,1.8817180171670298e+18,279803.5641303427,7.137252628820482e+18,1.4955909628609308e+20,2875392.0,2e+17,5e+17,325,325
157.0,1.4599999999997226,1.8817180171670298e+18,281597.1767209218,7.137252628820451e+18,1.4955909628609305e+20,2893824.0,2e+17,5e+17,325,325
158.0,1.4599999999997209,1.8817180171670298e+18,283390.78931150096,7.137252628820421e+18,1.4955909628609302e+20,2912256.0,2e+17,5e+17,325,325
159.0,1.459999999999719,1.8817180171670298e+18,285184.4019020801,7.13725262882039e+18,1.49559096286093e+20,2930688.0,2e+17,5e+17,325,325
160.0,1.4599999999997173,1.8817180171670298e+18,286978.01449265925,7.137252628820359e+18,1.4955909628609295e+20,2949120.0,2e+17,5e+17,325,325
161.0,1.4599999999997155,1.8817180171670298e+18,288771.6270832384,7.137252628820328e+18,1.4955909628609292e+20,2967552.0,2e+17,5e+17,325,325
162.0,1.4599999999997133,1.8817180171670298e+18,290565.23967381753,7.137252628820298e+18,1.495590962860929e+20,2985984.0,2e+17,5e+17,325,325
163.0,1.4599999999997115,1.8817180171670298e+18,292358.8522643967,7.137252628820267e+18,1.4955909628609285e+20,3004416.0,2e+17,5e+17,325,325
164.0,1.45999999999971,1.8817180171670298e+18,294152.4648549758,7.137252628820236e+18,1.4955909628609282e+20,3022848.0,2e+17,5e+17,325,325
165.0,1.4599999999997082,1.8817180171670298e+18,295946.07744555495,7.137252628820206e+18,1.495590962860928e+20,3041280.0,2e+17,5e+17,325,325
166.0,1.4599999999997062,1.8817180171670298e+18,297739.6900361341,7.137252628820175e+18,1.4955909628609275e+20,3059712.0,2e+17,5e+17,325,325
167.0,1.4599999999997044,1.8817180171670298e+18,299533.30262671324,7.137252628820144e+18,1.4955909628609272e+20,3078144.0,2e+17,5e+17,325,325
168.0,1.4599999999997026,1.8817180171670298e+18,301326.9152172924,7.137252628820113e+18,1.495590962860927e+20,3096576.0,2e+17,5e+17,325,325
169.0,1.4599999999997009,1.8817180171670298e+18,303120.5278078715,7.137252628820083e+18,1.4955909628609266e+20,3115008.0,2e+17,5e+17,325,325
170.0,1.459999999999699,1.8817180171670298e+18,304914.14039845066,7.137252628820052e+18,1.4955909628609262e+20,3133440.0,2e+17,5e+17,325,325
171.0,1.4599999999996973,1.8817180171670298e+18,306707.7529890298,7.137252628820021e+18,1.495590962860926e+20,3151872.0,2e+17,5e+17,325,325
172.0,1.4599999999996955,1.8817180171670298e+18,308501.36557960894,7.137252628819991e+18,1.4955909628609256e+20,3170304.0,2e+17,5e+17,325,325
173.0,1.4599999999996938,1.8817180171670298e+18,310294.9781701881,7.13725262881996e+18,1.4955909628609253e+20,3188736.0,2e+17,5e+17,325,325
174.0,1.459999999999692,1.8817180171670298e+18,312088.5907607672,7.137252628819929e+18,1.495590962860925e+20,3207168.0,2e+17,5e+17,325,325
175.0,1.45999999999969,1.8817180171670298e+18,313882.20335134637,7.137252628819898e+18,1.4955909628609246e+20,3225600.0,2e+17,5e+17,325,325
176.0,1.4599999999996882,1.8817180171670298e+18,315675.8159419255,7.137252628819868e+18,1.4955909628609243e+20,3244032.0,2e+17,5e+17,325,325
177.0,1.4599999999996867,1.8817180171670298e+18,317469.42853250465,7.137252628819837e+18,1.495590962860924e+20,3262464.0,2e+17,5e+17,325,325
178.0,1.4599999999996847,1.8817180171670298e+18,319263.0411230838,7.137252628819806e+18,1.4955909628609236e+20,3280896.0,2e+17,5e+17,325,325
179.0,1.4599999999996827,1.8817180171670298e+18,321056.65371366293,7.137252628819775e+18,1.4955909628609233e+20,3299328.0,2e+17,5e+17,325,325
180.0,1.4599999999996809,1.8817180171670298e+18,322850.2663042421,7.137252628819745e+18,1.495590962860923e+20,3317760.0,2e+17,5e+17,325,325
181.0,1.459999999999679,1.8817180171670298e+18,324643.8788948212,7.137252628819714e+18,1.4955909628609226e+20,3336192.0,2e+17,5e+17,325,325
182.0,1.4599999999996773,1.8817180171670298e+18,326437.49148540036,7.137252628819683e+18,1.4955909628609223e+20,3354624.0,2e+17,5e+17,325,325
183.0,1.4599999999996756,1.8817180171670298e+18,328231.1040759795,7.137252628819653e+18,1.495590962860922e+20,3373056.0,2e+17,5e+17,325,325
184.0,1.4599999999996738,1.8817180171670298e+18,330024.71666655864,7.137252628819622e+18,1.4955909628609217e+20,3391488.0,2e+17,5e+17,325,325
185.0,1.459999999999672,1.8817180171670298e+18,331818.3292571378,7.137252628819591e+18,1.4955909628609213e+20,3409920.0,2e+17,5e+17,325,325
186.0,1.4599999999996702,1.8817180171670298e+18,333611.9418477169,7.13725262881956e+18,1.495590962860921e+20,3428352.0,2e+17,5e+17,325,325
187.0,1.4599999999996685,1.8817180171670298e+18,335405.55443829607,7.13725262881953e+18,1.4955909628609207e+20,3446784.0,2e+17,5e+17,325,325
188.0,1.4599999999996665,1.8817180171670298e+18,337199.1670288752,7.137252628819499e+18,1.4955909628609203e+20,3465216.0,2e+17,5e+17,325,325
189.0,1.459999999999665,1.8817180171670298e+18,338992.77961945435,7.137252628819468e+18,1.49559096286092e+20,3483648.0,2e+17,5e+17,325,325
190.0,1.4599999999996631,1.8817180171670298e+18,340786.3922100335,7.137252628819438e+18,1.4955909628609197e+20,3502080.0,2e+17,5e+17,325,325
191.0,1.4599999999996613,1.8817180171670298e+18,342580.00480061263,7.137252628819407e+18,1.4955909628609194e+20,3520512.0,2e+17,5e+17,325,325
192.0,1.4599999999996593,1.8817180171670298e+18,344373.6173911918,7.137252628819376e+18,1.495590962860919e+20,3538944.0,2e+17,5e+17,325,325
193.0,1.4599999999996573,1.8817180171670298e+18,346167.2299817709,7.137252628819345e+18,1.4955909628609187e+20,3557376.0,2e+17,5e+17,325,325
194.0,1.4599999999996556,1.8817180171670298e+18,347960.84257235005,7.137252628819315e+18,1.4955909628609184e+20,3575808.0,2e+17,5e+17,325,325
195.0,1.4599999999996538,1.8817180171670298e+18,349754.4551629292,7.137252628819284e+18,1.495590962860918e+20,3594240.0,2e+17,5e+17,325,325
196.0,1.459999999999652,1.8817180171670298e+18,351548.06775350834,7.137252628819253e+18,1.4955909628609177e+20,3612672.0,2e+17,5e+17,325,325
197.0,1.4599999999996502,1.8817180171670298e+18,353341.6803440875,7.137252628819223e+18,1.4955909628609174e+20,3631104.0,2e+17,5e+17,325,325
198.0,1.4599999999996485,1.8817180171670298e+18,355135.2929346666,7.137252628819192e+18,1.495590962860917e+20,3649536.0,2e+17,5e+17,325,325
199.0,1.4599999999996467,1.8817180171670298e+18,356928.90552524576,7.137252628819161e+18,1.4955909628609167e+20,3667968.0,2e+17,5e+17,325,325
200.0,1.459999999999645,1.8817180171670298e+18,358722.5181158249,7.13725262881913e+18,1.4955909628609164e+20,3686400.0,2e+17,5e+17,325,325
201.0,1.459999999999643,1.8817180171670298e+18,360516.13070640404,7.1372526288191e+18,1.495590962860916e+20,3704832.0,2e+17,5e+17,325,325
202.0,1.4599999999996414,1.8817180171670298e+18,362309.7432969832,7.137252628819069e+18,1.4955909628609158e+20,3723264.0,2e+17,5e+17,325,325
203.0,1.4599999999996396,1.8817180171670298e+18,364103.3558875623,7.137252628819038e+18,1.4955909628609154e+20,3741696.0,2e+17,5e+17,325,325
204.0,1.4599999999996378,1.8817180171670298e+18,365896.96847814147,7.137252628819007e+18,1.495590962860915e+20,3760128.0,2e+17,5e+17,325,325
205.0,1.4599999999996358,1.8817180171670298e+18,367690.5810687206,7.137252628818977e+18,1.4955909628609148e+20,3778560.0,2e+17,5e+17,325,325
206.0,1.459999999999634,1.8817180171670298e+18,369484.19365929975,7.137252628818946e+18,1.4955909628609144e+20,3796992.0,2e+17,5e+17,325,325
207.0,1.4599999999996323,1.8817180171670298e+18,371277.8062498789,7.137252628818915e+18,1.495590962860914e+20,3815424.0,2e+17,5e+17,325,325
208.0,1.4599999999996303,1.8817180171670298e+18,373071.41884045803,7.137252628818885e+18,1.4955909628609138e+20,3833856.0,2e+17,5e+17,325,325
209.0,1.4599999999996285,1.8817180171670298e+18,374865.0314310372,7.137252628818854e+18,1.4955909628609135e+20,3852288.0,2e+17,5e+17,325,325
210.0,1.4599999999996267,1.8817180171670298e+18,376658.6440216163,7.137252628818823e+18,1.495590962860913e+20,3870720.0,2e+17,5e+17,325,325
211.0,1.459999999999625,1.8817180171670298e+18,378452.25661219546,7.137252628818792e+18,1.4955909628609128e+20,3889152.0,2e+17,5e+17,325,325
212.0,1.4599999999996232,1.8817180171670298e+18,380245.8692027746,7.137252628818762e+18,1.4955909628609125e+20,3907584.0,2e+17,5e+17,325,325
213.0,1.4599999999996214,1.8817180171670298e+18,382039.48179335374,7.137252628818731e+18,1.495590962860912e+20,3926016.0,2e+17,5e+17,325,325
214.0,1.4599999999996194,1.8817180171670298e+18,383833.0943839329,7.1372526288187e+18,1.4955909628609118e+20,3944448.0,2e+17,5e+17,325,325
215.0,1.4599999999996178,1.8817180171670298e+18,385626.706974512,7.13725262881867e+18,1.4955909628609115e+20,3962880.0,2e+17,5e+17,325,325
216.0,1.459999999999616,1.8817180171670298e+18,387420.31956509117,7.137252628818639e+18,1.4955909628609112e+20,3981312.0,2e+17,5e+17,325,325
217.0,1.4599999999996143,1.8817180171670298e+18,389213.9321556703,7.137252628818608e+18,1.495590962860911e+20,3999744.0,2e+17,5e+17,325,325
218.0,1.4599999999996123,1.8817180171670298e+18,391007.54474624945,7.137252628818577e+18,1.4955909628609105e+20,4018176.0,2e+17,5e+17,325,325
219.0,1.4599999999996105,1.8817180171670298e+18,392801.1573368286,7.137252628818547e+18,1.4955909628609102e+20,4036608.0,2e+17,5e+17,325,325
220.0,1.4599999999996087,1.8817180171670298e+18,394594.76992740773,7.137252628818516e+18,1.49559096286091e+20,4055040.0,2e+17,5e+17,325,325
221.0,1.459999999999607,1.8817180171670298e+18,396388.3825179869,7.137252628818485e+18,1.4955909628609095e+20,4073472.0,2e+17,5e+17,325,325
222.0,1.4599999999996052,1.8817180171670298e+18,398181.995108566,7.137252628818455e+18,1.4955909628609092e+20,4091904.0,2e+17,5e+17,325,325
223.0,1.4599999999996034,1.8817180171670298e+18,399975.60769914516,7.137252628818424e+18,1.495590962860909e+20,4110336.0,2e+17,5e+17,325,325
224.0,1.4599999999996014,1.8817180171670298e+18,401769.2202897243,7.137252628818393e+18,1.4955909628609085e+20,4128768.0,2e+17,5e+17,325,325
225.0,1.4599999999995996,1.8817180171670298e+18,403562.83288030344,7.137252628818362e+18,1.4955909628609082e+20,4147200.0,2e+17,5e+17,325,325
226.0,1.4599999999995978,1.8817180171670298e+18,405356.4454708826,7.137252628818332e+18,1.495590962860908e+20,4165632.0,2e+17,5e+17,325,325
227.0,1.4599999999995958,1.8817180171670298e+18,407150.0580614617,7.137252628818301e+18,1.4955909628609076e+20,4184064.0,2e+17,5e+17,325,325
228.0,1.4599999999995943,1.8817180171670298e+18,408943.67065204086,7.13725262881827e+18,1.4955909628609072e+20,4202496.0,2e+17,5e+17,325,325
229.0,1.4599999999995925,1.8817180171670298e+18,410737.28324262,7.13725262881824e+18,1.495590962860907e+20,4220928.0,2e+17,5e+17,325,325
230.0,1.4599999999995907,1.8817180171670298e+18,412530.89583319915,7.137252628818209e+18,1.4955909628609066e+20,4239360.0,2e+17,5e+17,325,325
231.0,1.4599999999995887,1.8817180171670298e+18,414324.5084237783,7.137252628818178e+18,1.4955909628609063e+20,4257792.0,2e+17,5e+17,325,325
232.0,1.459999999999587,1.8817180171670298e+18,416118.1210143574,7.137252628818147e+18,1.495590962860906e+20,4276224.0,2e+17,5e+17,325,325
233.0,1.4599999999995852,1.8817180171670298e+18,417911.73360493657,7.137252628818117e+18,1.4955909628609056e+20,4294656.0,2e+17,5e+17,325,325
234.0,1.4599999999995834,1.8817180171670298e+18,419705.3461955157,7.137252628818086e+18,1.4955909628609053e+20,4313088.0,2e+17,5e+17,325,325
235.0,1.4599999999995816,1.8817180171670298e+18,421498.95878609485,7.137252628818055e+18,1.495590962860905e+20,4331520.0,2e+17,5e+17,325,325
236.0,1.4599999999995799,1.8817180171670298e+18,423292.571376674,7.137252628818024e+18,1.4955909628609046e+20,4349952.0,2e+17,5e+17,325,325
237.0,1.459999999999578,1.8817180171670298e+18,425086.18396725314,7.137252628817994e+18,1.4955909628609043e+20,4368384.0,2e+17,5e+17,325,325
238.0,1.4599999999995763,1.8817180171670298e+18,426879.7965578323,7.137252628817963e+18,1.495590962860904e+20,4386816.0,2e+17,5e+17,325,325
239.0,1.4599999999995743,1.8817180171670298e+18,428673.4091484114,7.137252628817932e+18,1.4955909628609036e+20,4405248.0,2e+17,5e+17,325,325
240.0,1.4599999999995723,1.8817180171670298e+18,430467.02173899056,7.137252628817902e+18,1.4955909628609033e+20,4423680.0,2e+17,5e+17,325,325
241.0,1.4599999999995708,1.8817180171670298e+18,432260.6343295697,7.137252628817871e+18,1.495590962860903e+20,4442112.0,2e+17,5e+17,325,325
242.0,1.459999999999569,1.8817180171670298e+18,434054.24692014884,7.13725262881784e+18,1.4955909628609026e+20,4460544.0,2e+17,5e+17,325,325
243.0,1.4599999999995672,1.8817180171670298e+18,435847.859510728,7.137252628817809e+18,1.4955909628609023e+20,4478976.0,2e+17,5e+17,325,325
244.0,1.4599999999995652,1.8817180171670298e+18,437641.4721013071,7.137252628817779e+18,1.495590962860902e+20,4497408.0,2e+17,5e+17,325,325
245.0,1.4599999999995634,1.8817180171670298e+18,439435.08469188627,7.137252628817748e+18,1.4955909628609017e+20,4515840.0,2e+17,5e+17,325,325
246.0,1.4599999999995616,1.8817180171670298e+18,441228.6972824654,7.137252628817717e+18,1.4955909628609013e+20,4534272.0,2e+17,5e+17,325,325
247.0,1.4599999999995599,1.8817180171670298e+18,443022.30987304455,7.137252628817687e+18,1.495590962860901e+20,4552704.0,2e+17,5e+17,325,325
248.0,1.459999999999558,1.8817180171670298e+18,444815.9224636237,7.137252628817656e+18,1.4955909628609007e+20,4571136.0,2e+17,5e+17,325,325
249.0,1.4599999999995563,1.8817180171670298e+18,446609.53505420283,7.137252628817625e+18,1.4955909628609004e+20,4589568.0,2e+17,5e+17,325,325
250.0,1.4599999999995545,1.8817180171670298e+18,448403.147644782,7.137252628817594e+18,1.4955909628609e+20,4608000.0,2e+17,5e+17,325,325
251.0,1.4599999999995528,1.8817180171670298e+18,450196.7602353611,7.137252628817564e+18,1.4955909628608997e+20,4626432.0,2e+17,5e+17,325,325
252.0,1.459999999999551,1.8817180171670298e+18,451990.37282594026,7.137252628817533e+18,1.4955909628608994e+20,4644864.0,2e+17,5e+17,325,325
253.0,1.459999999999549,1.8817180171670298e+18,453783.9854165194,7.137252628817502e+18,1.495590962860899e+20,4663296.0,2e+17,5e+17,325,325
254.0,1.4599999999995472,1.8817180171670298e+18,455577.59800709854,7.137252628817471e+18,1.4955909628608987e+20,4681728.0,2e+17,5e+17,325,325
255.0,1.4599999999995454,1.8817180171670298e+18,457371.2105976777,7.137252628817441e+18,1.4955909628608984e+20,4700160.0,2e+17,5e+17,325,325
256.0,1.4599999999995437,1.8817180171670298e+18,459164.8231882568,7.13725262881741e+18,1.495590962860898e+20,4718592.0,2e+17,5e+17,325,325
257.0,1.4599999999995417,1.8817180171670298e+18,460958.43577883596,7.137252628817379e+18,1.4955909628608977e+20,4737024.0,2e+17,5e+17,325,325
258.0,1.4599999999995399,1.8817180171670298e+18,462752.0483694151,7.137252628817349e+18,1.4955909628608974e+20,4755456.0,2e+17,5e+17,325,325
259.0,1.4599999999995381,1.8817180171670298e+18,464545.66095999425,7.137252628817318e+18,1.495590962860897e+20,4773888.0,2e+17,5e+17,325,325
260.0,1.4599999999995363,1.8817180171670298e+18,466339.2735505734,7.137252628817287e+18,1.4955909628608967e+20,4792320.0,2e+17,5e+17,325,325
261.0,1.4599999999995346,1.8817180171670298e+18,468132.8861411525,7.137252628817256e+18,1.4955909628608964e+20,4810752.0,2e+17,5e+17,325,325
262.0,1.4599999999995328,1.8817180171670298e+18,469926.49873173167,7.137252628817226e+18,1.495590962860896e+20,4829184.0,2e+17,5e+17,325,325
263.0,1.459999999999531,1.8817180171670298e+18,471720.1113223108,7.137252628817195e+18,1.4955909628608958e+20,4847616.0,2e+17,5e+17,325,325
264.0,1.4599999999995292,1.8817180171670298e+18,473513.72391288995,7.137252628817164e+18,1.4955909628608954e+20,4866048.0,2e+17,5e+17,325,325
265.0,1.4599999999995275,1.8817180171670298e+18,475307.3365034691,7.137252628817134e+18,1.495590962860895e+20,4884480.0,2e+17,5e+17,325,325
266.0,1.4599999999995255,1.8817180171670298e+18,477100.94909404824,7.137252628817103e+18,1.4955909628608948e+20,4902912.0,2e+17,5e+17,325,325
267.0,1.459999999999524,1.8817180171670298e+18,478894.5616846274,7.137252628817072e+18,1.4955909628608945e+20,4921344.0,2e+17,5e+17,325,325
268.0,1.4599999999995221,1.8817180171670298e+18,480688.1742752065,7.137252628817041e+18,1.495590962860894e+20,4939776.0,2e+17,5e+17,325,325
269.0,1.4599999999995203,1.8817180171670298e+18,482481.78686578566,7.137252628817011e+18,1.4955909628608938e+20,4958208.0,2e+17,5e+17,325,325
270.0,1.4599999999995181,1.8817180171670298e+18,484275.3994563648,7.13725262881698e+18,1.4955909628608935e+20,4976640.0,2e+17,5e+17,325,325
271.0,1.4599999999995164,1.8817180171670298e+18,486069.01204694394,7.137252628816949e+18,1.495590962860893e+20,4995072.0,2e+17,5e+17,325,325
272.0,1.4599999999995146,1.8817180171670298e+18,487862.6246375231,7.137252628816919e+18,1.4955909628608928e+20,5013504.0,2e+17,5e+17,325,325
273.0,1.4599999999995128,1.8817180171670298e+18,489656.2372281022,7.137252628816888e+18,1.4955909628608925e+20,5031936.0,2e+17,5e+17,325,325
274.0,1.459999999999511,1.8817180171670298e+18,491449.84981868137,7.137252628816857e+18,1.495590962860892e+20,5050368.0,2e+17,5e+17,325,325
275.0,1.4599999999995092,1.8817180171670298e+18,493243.4624092605,7.137252628816826e+18,1.4955909628608918e+20,5068800.0,2e+17,5e+17,325,325
276.0,1.4599999999995075,1.8817180171670298e+18,495037.07499983965,7.137252628816796e+18,1.4955909628608915e+20,5087232.0,2e+17,5e+17,325,325
277.0,1.4599999999995057,1.8817180171670298e+18,496830.6875904188,7.137252628816765e+18,1.4955909628608912e+20,5105664.0,2e+17,5e+17,325,325
278.0,1.459999999999504,1.8817180171670298e+18,498624.30018099793,7.137252628816734e+18,1.495590962860891e+20,5124096.0,2e+17,5e+17,325,325
279.0,1.459999999999502,1.8817180171670298e+18,500417.9127715771,7.137252628816703e+18,1.4955909628608905e+20,5142528.0,2e+17,5e+17,325,325
280.0,1.4599999999995004,1.8817180171670298e+18,502211.5253621562,7.137252628816673e+18,1.4955909628608902e+20,5160960.0,2e+17,5e+17,325,325
281.0,1.4599999999994986,1.8817180171670298e+18,504005.13795273536,7.137252628816642e+18,1.49559096286089e+20,5179392.0,2e+17,5e+17,325,325
282.0,1.4599999999994968,1.8817180171670298e+18,505798.7505433145,7.137252628816611e+18,1.4955909628608895e+20,5197824.0,2e+17,5e+17,325,325
283.0,1.4599999999994948,1.8817180171670298e+18,507592.36313389364,7.137252628816581e+18,1.4955909628608892e+20,5216256.0,2e+17,5e+17,325,325
284.0,1.459999999999493,1.8817180171670298e+18,509385.9757244728,7.13725262881655e+18,1.495590962860889e+20,5234688.0,2e+17,5e+17,325,325
285.0,1.459999999999491,1.8817180171670298e+18,511179.5883150519,7.137252628816519e+18,1.4955909628608886e+20,5253120.0,2e+17,5e+17,325,325
286.0,1.4599999999994893,1.8817180171670298e+18,512973.20090563106,7.137252628816488e+18,1.4955909628608882e+20,5271552.0,2e+17,5e+17,325,325
287.0,1.4599999999994875,1.8817180171670298e+18,514766.8134962102,7.137252628816458e+18,1.495590962860888e+20,5289984.0,2e+17,5e+17,325,325
288.0,1.4599999999994857,1.8817180171670298e+18,516560.42608678935,7.137252628816427e+18,1.4955909628608876e+20,5308416.0,2e+17,5e+17,325,325
289.0,1.459999999999484,1.8817180171670298e+18,518354.0386773685,7.137252628816396e+18,1.4955909628608872e+20,5326848.0,2e+17,5e+17,325,325
290.0,1.4599999999994822,1.8817180171670298e+18,520147.6512679476,7.137252628816366e+18,1.495590962860887e+20,5345280.0,2e+17,5e+17,325,325
291.0,1.4599999999994804,1.8817180171670298e+18,521941.26385852677,7.137252628816335e+18,1.4955909628608866e+20,5363712.0,2e+17,5e+17,325,325
292.0,1.4599999999994784,1.8817180171670298e+18,523734.8764491059,7.137252628816304e+18,1.4955909628608863e+20,5382144.0,2e+17,5e+17,325,325
293.0,1.4599999999994768,1.8817180171670298e+18,525528.489039685,7.137252628816273e+18,1.495590962860886e+20,5400576.0,2e+17,5e+17,325,325
294.0,1.459999999999475,1.8817180171670298e+18,527322.1016302641,7.137252628816243e+18,1.4955909628608856e+20,5419008.0,2e+17,5e+17,325,325
295.0,1.4599999999994733,1.8817180171670298e+18,529115.7142208432,7.137252628816212e+18,1.4955909628608853e+20,5437440.0,2e+17,5e+17,325,325
296.0,1.4599999999994713,1.8817180171670298e+18,530909.3268114222,7.137252628816181e+18,1.495590962860885e+20,5455872.0,2e+17,5e+17,325,325
297.0,1.4599999999994695,1.8817180171670298e+18,532702.9394020013,7.137252628816151e+18,1.4955909628608846e+20,5474304.0,2e+17,5e+17,325,325
298.0,1.4599999999994677,1.8817180171670298e+18,534496.5519925804,7.13725262881612e+18,1.4955909628608843e+20,5492736.0,2e+17,5e+17,325,325
299.0,1.459999999999466,1.8817180171670298e+18,536290.1645831595,7.137252628816089e+18,1.495590962860884e+20,5511168.0,2e+17,5e+17,325,325
300.0,1.4599999999994642,1.8817180171670298e+18,538083.7771737386,7.137252628816058e+18,1.4955909628608836e+20,5529600.0,2e+17,5e+17,325,325
301.0,1.4599999999994622,1.8817180171670298e+18,539877.3897643177,7.137252628816028e+18,1.4955909628608833e+20,5548032.0,2e+17,5e+17,325,325
302.0,1.4599999999994604,1.8817180171670298e+18,541671.0023548967,7.137252628815997e+18,1.495590962860883e+20,5566464.0,2e+17,5e+17,325,325
303.0,1.4599999999994586,1.8817180171670298e+18,543464.6149454758,7.137252628815966e+18,1.4955909628608827e+20,5584896.0,2e+17,5e+17,325,325
304.0,1.4599999999994568,1.8817180171670298e+18,545258.2275360549,7.137252628815935e+18,1.4955909628608823e+20,5603328.0,2e+17,5e+17,325,325
305.0,1.4599999999994548,1.8817180171670298e+18,547051.840126634,7.137252628815905e+18,1.495590962860882e+20,5621760.0,2e+17,5e+17,325,325
306.0,1.4599999999994533,1.8817180171670298e+18,548845.4527172131,7.137252628815874e+18,1.4955909628608817e+20,5640192.0,2e+17,5e+17,325,325
307.0,1.4599999999994515,1.8817180171670298e+18,550639.0653077922,7.137252628815843e+18,1.4955909628608813e+20,5658624.0,2e+17,5e+17,325,325
308.0,1.4599999999994497,1.8817180171670298e+18,552432.6778983712,7.137252628815813e+18,1.495590962860881e+20,5677056.0,2e+17,5e+17,325,325
309.0,1.4599999999994477,1.8817180171670298e+18,554226.2904889503,7.137252628815782e+18,1.4955909628608807e+20,5695488.0,2e+17,5e+17,325,325
310.0,1.4599999999994462,1.8817180171670298e+18,556019.9030795294,7.137252628815751e+18,1.4955909628608804e+20,5713920.0,2e+17,5e+17,325,325
311.0,1.4599999999994442,1.8817180171670298e+18,557813.5156701085,7.13725262881572e+18,1.49559096286088e+20,5732352.0,2e+17,5e+17,325,325
312.0,1.4599999999994424,1.8817180171670298e+18,559607.1282606876,7.13725262881569e+18,1.4955909628608797e+20,5750784.0,2e+17,5e+17,325,325
313.0,1.4599999999994406,1.8817180171670298e+18,561400.7408512667,7.137252628815659e+18,1.4955909628608794e+20,5769216.0,2e+17,5e+17,325,325
314.0,1.4599999999994389,1.8817180171670298e+18,563194.3534418457,7.137252628815628e+18,1.495590962860879e+20,5787648.0,2e+17,5e+17,325,325
315.0,1.459999999999437,1.8817180171670298e+18,564987.9660324248,7.137252628815598e+18,1.4955909628608787e+20,5806080.0,2e+17,5e+17,325,325
316.0,1.459999999999435,1.8817180171670298e+18,566781.5786230039,7.137252628815567e+18,1.4955909628608784e+20,5824512.0,2e+17,5e+17,325,325
317.0,1.4599999999994333,1.8817180171670298e+18,568575.191213583,7.137252628815536e+18,1.495590962860878e+20,5842944.0,2e+17,5e+17,325,325
318.0,1.4599999999994313,1.8817180171670298e+18,570368.8038041621,7.137252628815505e+18,1.4955909628608777e+20,5861376.0,2e+17,5e+17,325,325
319.0,1.4599999999994298,1.8817180171670298e+18,572162.4163947412,7.137252628815475e+18,1.4955909628608774e+20,5879808.0,2e+17,5e+17,325,325
320.0,1.459999999999428,1.8817180171670298e+18,573956.0289853202,7.137252628815444e+18,1.495590962860877e+20,5898240.0,2e+17,5e+17,325,325
321.0,1.4599999999994262,1.8817180171670298e+18,575749.6415758993,7.137252628815413e+18,1.4955909628608768e+20,5916672.0,2e+17,5e+17,325,325
322.0,1.4599999999994242,1.8817180171670298e+18,577543.2541664784,7.137252628815383e+18,1.4955909628608764e+20,5935104.0,2e+17,5e+17,325,325
323.0,1.4599999999994226,1.8817180171670298e+18,579336.8667570575,7.137252628815352e+18,1.495590962860876e+20,5953536.0,2e+17,5e+17,325,325
324.0,1.4599999999994207,1.8817180171670298e+18,581130.4793476366,7.137252628815321e+18,1.4955909628608758e+20,5971968.0,2e+17,5e+17,325,325
325.0,1.4599999999994189,1.8817180171670298e+18,582924.0919382157,7.13725262881529e+18,1.4955909628608754e+20,5990400.0,2e+17,5e+17,325,325
326.0,1.459999999999417,1.8817180171670298e+18,584717.7045287947,7.13725262881526e+18,1.495590962860875e+20,6008832.0,2e+17,5e+17,325,325
327.0,1.4599999999994153,1.8817180171670298e+18,586511.3171193738,7.137252628815229e+18,1.4955909628608748e+20,6027264.0,2e+17,5e+17,325,325
328.0,1.4599999999994135,1.8817180171670298e+18,588304.9297099529,7.137252628815198e+18,1.4955909628608745e+20,6045696.0,2e+17,5e+17,325,325
329.0,1.4599999999994118,1.8817180171670298e+18,590098.542300532,7.137252628815167e+18,1.495590962860874e+20,6064128.0,2e+17,5e+17,325,325
330.0,1.45999999999941,1.8817180171670298e+18,591892.1548911111,7.137252628815137e+18,1.4955909628608738e+20,6082560.0,2e+17,5e+17,325,325
331.0,1.4599999999994078,1.8817180171670298e+18,593685.7674816902,7.137252628815106e+18,1.4955909628608735e+20,6100992.0,2e+17,5e+17,325,325
332.0,1.4599999999994062,1.8817180171670298e+18,595479.3800722692,7.137252628815075e+18,1.495590962860873e+20,6119424.0,2e+17,5e+17,325,325
333.0,1.4599999999994044,1.8817180171670298e+18,597272.9926628483,7.137252628815045e+18,1.4955909628608728e+20,6137856.0,2e+17,5e+17,325,325
334.0,1.4599999999994027,1.8817180171670298e+18,599066.6052534274,7.137252628815014e+18,1.4955909628608725e+20,6156288.0,2e+17,5e+17,325,325
335.0,1.4599999999994007,1.8817180171670298e+18,600860.2178440065,7.137252628814983e+18,1.4955909628608722e+20,6174720.0,2e+17,5e+17,325,325
336.0,1.4599999999993991,1.8817180171670298e+18,602653.8304345856,7.137252628814952e+18,1.495590962860872e+20,6193152.0,2e+17,5e+17,325,325
337.0,1.4599999999993971,1.8817180171670298e+18,604447.4430251647,7.137252628814922e+18,1.4955909628608715e+20,6211584.0,2e+17,5e+17,325,325
338.0,1.4599999999993953,1.8817180171670298e+18,606241.0556157437,7.137252628814891e+18,1.4955909628608712e+20,6230016.0,2e+17,5e+17,325,325
339.0,1.4599999999993936,1.8817180171670298e+18,608034.6682063228,7.13725262881486e+18,1.495590962860871e+20,6248448.0,2e+17,5e+17,325,325
340.0,1.4599999999993918,1.8817180171670298e+18,609828.2807969019,7.13725262881483e+18,1.4955909628608705e+20,6266880.0,2e+17,5e+17,325,325
341.0,1.45999999999939,1.8817180171670298e+18,611621.893387481,7.137252628814799e+18,1.4955909628608702e+20,6285312.0,2e+17,5e+17,325,325
342.0,1.4599999999993882,1.8817180171670298e+18,613415.5059780601,7.137252628814768e+18,1.49559096286087e+20,6303744.0,2e+17,5e+17,325,325
343.0,1.4599999999993865,1.8817180171670298e+18,615209.1185686392,7.137252628814737e+18,1.4955909628608696e+20,6322176.0,2e+17,5e+17,325,325
344.0,1.4599999999993845,1.8817180171670298e+18,617002.7311592182,7.137252628814707e+18,1.4955909628608692e+20,6340608.0,2e+17,5e+17,325,325
345.0,1.459999999999383,1.8817180171670298e+18,618796.3437497973,7.137252628814676e+18,1.495590962860869e+20,6359040.0,2e+17,5e+17,325,325
346.0,1.4599999999993811,1.8817180171670298e+18,620589.9563403764,7.137252628814645e+18,1.4955909628608686e+20,6377472.0,2e+17,5e+17,325,325
347.0,1.4599999999993791,1.8817180171670298e+18,622383.5689309555,7.137252628814615e+18,1.4955909628608682e+20,6395904.0,2e+17,5e+17,325,325
348.0,1.4599999999993771,1.8817180171670298e+18,624177.1815215346,7.137252628814584e+18,1.495590962860868e+20,6414336.0,2e+17,5e+17,325,325
349.0,1.4599999999993756,1.8817180171670298e+18,625970.7941121137,7.137252628814553e+18,1.4955909628608676e+20,6432768.0,2e+17,5e+17,325,325
350.0,1.4599999999993736,1.8817180171670298e+18,627764.4067026927,7.137252628814522e+18,1.4955909628608673e+20,6451200.0,2e+17,5e+17,325,325
351.0,1.4599999999993718,1.8817180171670298e+18,629558.0192932718,7.137252628814492e+18,1.495590962860867e+20,6469632.0,2e+17,5e+17,325,325
352.0,1.45999999999937,1.8817180171670298e+18,631351.6318838509,7.137252628814461e+18,1.4955909628608666e+20,6488064.0,2e+17,5e+17,325,325
353.0,1.4599999999993682,1.8817180171670298e+18,633145.24447443,7.13725262881443e+18,1.4955909628608663e+20,6506496.0,2e+17,5e+17,325,325
354.0,1.4599999999993665,1.8817180171670298e+18,634938.8570650091,7.1372526288144e+18,1.495590962860866e+20,6524928.0,2e+17,5e+17,325,325
355.0,1.4599999999993647,1.8817180171670298e+18,636732.4696555882,7.137252628814369e+18,1.4955909628608656e+20,6543360.0,2e+17,5e+17,325,325
356.0,1.459999999999363,1.8817180171670298e+18,638526.0822461672,7.137252628814338e+18,1.4955909628608653e+20,6561792.0,2e+17,5e+17,325,325
357.0,1.459999999999361,1.8817180171670298e+18,640319.6948367463,7.137252628814307e+18,1.495590962860865e+20,6580224.0,2e+17,5e+17,325,325
358.0,1.4599999999993594,1.8817180171670298e+18,642113.3074273254,7.137252628814277e+18,1.4955909628608646e+20,6598656.0,2e+17,5e+17,325,325
359.0,1.4599999999993576,1.8817180171670298e+18,643906.9200179045,7.137252628814246e+18,1.4955909628608643e+20,6617088.0,2e+17,5e+17,325,325
360.0,1.4599999999993558,1.8817180171670298e+18,645700.5326084836,7.137252628814215e+18,1.495590962860864e+20,6635520.0,2e+17,5e+17,325,325
361.0,1.4599999999993538,1.8817180171670298e+18,647494.1451990627,7.137252628814184e+18,1.4955909628608637e+20,6653952.0,2e+17,5e+17,325,325
362.0,1.459999999999352,1.8817180171670298e+18,649287.7577896417,7.137252628814154e+18,1.4955909628608633e+20,6672384.0,2e+17,5e+17,325,325
363.0,1.45999999999935,1.8817180171670298e+18,651081.3703802208,7.137252628814123e+18,1.495590962860863e+20,6690816.0,2e+17,5e+17,325,325
364.0,1.4599999999993483,1.8817180171670298e+18,652874.9829707999,7.137252628814092e+18,1.4955909628608627e+20,6709248.0,2e+17,5e+17,325,325
365.0,1.4599999999993465,1.8817180171670298e+18,654668.595561379,7.137252628814062e+18,1.4955909628608623e+20,6727680.0,2e+17,5e+17,325,325
